{
  "mu": 0.487312,
  "sigma": 0.212845
}
